{
  "variables": {
    "packer_profile": "packer-ec2-s3",
    "application_name": "regservice",
    "application_version": "3.0",
    "region": "us-east-1",
    "instance_type": "t2.micro",
    "source_ami": "ami-4bf3d731",
    "iam_profile": "automation",
    "ami_shared_accounts": "794033013208",
    "artifact_bucket": "suez-artifacts",
    "artifact_path": ""
  },
  "builders": [
    {
      "name": "{{user `application_name`}}",
      "type": "amazon-ebs",
      "ssh_username": "centos",
      "force_deregister": "true",
      "force_delete_snapshot": "true",
      "associate_public_ip_address": "true",
      "region": "{{user `region`}}",
      "source_ami": "{{user `source_ami`}}",
      "instance_type": "{{user `instance_type`}}",
      "ami_name": "{{user `application_name`}}-{{user `application_version`}}",
      "ami_users": "{{user `ami_internal_accounts`}}",
      "iam_instance_profile": "{{user `packer_profile`}}",
      "snapshot_users": "{{user `ami_internal_accounts`}}",
      "tags": {
        "Name": "{{user `application_name`}}",
        "CreatedBy": "cicd-Packer"
      },
      "run_tags": {
        "Name": "{{user `application_name`}}",
        "CreatedBy": "cicd-Packer"
      }
    }
  ],
  "provisioners": [
    {
      "type": "shell",
      "inline": [
        "sudo yum install epel-release -y"
      ]
    },
    {
      "type": "shell",
      "inline": [
        "sudo yum install ansible -y"
      ]
    },
    {
      "type": "shell",
      "inline": [
        "sudo yum install unzip -y"
      ]
    },
    {
      "type": "shell",
      "inline": [
        "sudo yum install -y https://s3.amazonaws.com/ec2-downloads-windows/SSMAgent/latest/linux_amd64/amazon-ssm-agent.rpm",
        "sudo systemctl enable amazon-ssm-agent",
        "sudo systemctl start amazon-ssm-agent"
      ]
    },
    {
      "type": "ansible-local",
      "playbook_file": "./setup-server.yml",
      "extra_arguments": [
        "-vvvv"
      ]
    },
    {
      "type": "ansible-local",
      "playbook_file": "./deploy_app.yml",
      "extra_arguments": [
        "-vvvv"
      ]
    },
    {
      "type": "shell",
      "inline": [
        "sudo /usr/sbin/setsebool -P httpd_can_network_connect 1"
      ]
    }
  ]
}

